daeh-CanQiQi-WuLongZuo.xml,dan,erhuang,manban,o1,惨凄凄唤苍天天不应响，,12,65
daeh-CanQiQi-WuLongZuo.xml,dan,erhuang,manban,c,叹红颜多薄命父母双亡。,84,121
daeh-CanQiQi-WuLongZuo.xml,dan,erhuang,manban,o1,千金休哪曾受磨房景况，,136,201
daeh-CanQiQi-WuLongZuo.xml,dan,erhuang,manban,c,担几肩头晕转体若筛糠。,236,261
daeh-TanHongYan-HuoXiaoYu.xml,dan,erhuang,manban,o1,叹红颜薄命前生就，,32,"75,75"
daeh-TanHongYan-HuoXiaoYu.xml,dan,erhuang,manban,c,美满姻缘付东流。,76,105
daeh-TanHongYan-HuoXiaoYu.xml,dan,erhuang,manban,o1,薄幸冤家音信无有，,124,164
daeh-TanHongYan-HuoXiaoYu.xml,dan,erhuang,manban,c,啼花泣月在暗里（呀）添愁。,168,"182,5"
daeh-TanHongYan-HuoXiaoYu.xml,dan,erhuang,manban,o2,枕边泪（呀）共（那）阶前雨，,184,221
daeh-TanHongYan-HuoXiaoYu.xml,dan,erhuang,manban,c,隔着窗儿点滴不休。,236,260
daeh-WangChunE-SanNiangJiaoZi.xml,dan,erhuang,manban,o1,王春娥坐草堂自思自叹，,36,92
daeh-WangChunE-SanNiangJiaoZi.xml,dan,erhuang,manban,c,想起了我老爷好不惨然。,112,149
daeh-WangChunE-SanNiangJiaoZi.xml,dan,erhuang,manban,o1,春娥女好一此失群孤雁，,164,201
daeh-WangChunE-SanNiangJiaoZi.xml,dan,erhuang,manban,c,老薛保好一似浪里舟船。,204,"221,5"
daeh-WangChunE-SanNiangJiaoZi.xml,dan,erhuang,manban,o2,薛倚儿他好比无弓之箭，,224,240
daeh-WangChunE-SanNiangJiaoZi.xml,dan,erhuang,manban,c,每日里在书房苦读圣贤。,244,"261,5"
daeh-WangChunE-SanNiangJiaoZi.xml,dan,erhuang,manban,o2,将身儿来至在机房织绢，,264,296
daeh-WangChunE-SanNiangJiaoZi.xml,dan,erhuang,manban,c,等候了薛倚儿转回家园。,332,355
daeh-WuDuanQiao-BiYuZan.xml,dan,erhuang,manban,o1,无端巧计将人陷，,36,93
daeh-WuDuanQiao-BiYuZan.xml,dan,erhuang,manban,c,薄命自伤怨红颜。,112,149
daeh-WuDuanQiao-BiYuZan.xml,dan,erhuang,manban,o1,独处闺房愁无限，,164,"204,5"
daeh-WuDuanQiao-BiYuZan.xml,dan,erhuang,manban,c,落得孤身病恹恹。,208,"224,5"
daeh-WuDuanQiao-BiYuZan.xml,dan,erhuang,manban,o2,今生若被郎轻贱，,228,"244,5"
daeh-WuDuanQiao-BiYuZan.xml,dan,erhuang,manban,c,满腹冤屈向谁言。,248,"263,5"
daeh-WuDuanQiao-BiYuZan.xml,dan,erhuang,manban,o2,一心早想寻短见，,264,297
daeh-WuDuanQiao-BiYuZan.xml,dan,erhuang,manban,c,又怕丑名误流传。,332,356
daeh-ZiNaRi-ErJinGong.xml,dan,erhuang,manban,o1,自那日与徐杨决裂以后，,40,96
daeh-ZiNaRi-ErJinGong.xml,dan,erhuang,manban,c,独坐在寒宫院闷闷悠悠。,116,152
daeh-ZiNaRi-ErJinGong.xml,dan,erhuang,manban,o1,先王爷晏驾后太子年幼，,168,"208,5"
daeh-ZiNaRi-ErJinGong.xml,dan,erhuang,manban,c,太师爷一心心想篡龙楼。,212,"228,25"
daeh-ZiNaRi-ErJinGong.xml,dan,erhuang,manban,o2,他那里父女情全然无有，,232,"248,5"
daeh-ZiNaRi-ErJinGong.xml,dan,erhuang,manban,c,竟把我孤儿寡母当做了马牛。,252,"271,5"
daeh-ZiNaRi-ErJinGong.xml,dan,erhuang,manban,o2,徐小姐把守在宫门口，,272,316
daeh-ZiNaRi-ErJinGong.xml,dan,erhuang,manban,c,看一看不觉到八月中秋。,352,384
daeh-ZiNaRi-ErJinGong.xml,dan,erhuang,manban,o1,李艳妃坐昭阳自思自想，,402,438
daeh-ZiNaRi-ErJinGong.xml,dan,erhuang,manban,c,想起了老王爷好不惨伤。,442,470
daeh-ZiNaRi-ErJinGong.xml,dan,erhuang,manban,o1,耳边厢又听得朝靴响亮，,486,"522,5"
daeh-ZiNaRi-ErJinGong.xml,dan,erhuang,manban,c,想必是徐杨进了昭阳。,526,544
daeh-ZiNaRi-ErJinGong.xml,dan,erhuang,manban,o2,有一句话儿不好言讲，,546,"562,5"
daeh-ZiNaRi-ErJinGong.xml,dan,erhuang,manban,c,我只得怀抱太子两泪汪汪口口声声哭的是先王！,566,610
daeh-ZiNaRi-ZhuangYuanMei.xml,dan,erhuang,yuanban,o1,自那日与六郎阵前相见，,18,"42,5"
daeh-ZiNaRi-ZhuangYuanMei.xml,dan,erhuang,yuanban,c,行不安坐不宁情态缠绵。,44,52
daeh-ZiNaRi-ZhuangYuanMei.xml,dan,erhuang,yuanban,o2,在潼台被贼擒性命好险，,54,62
daeh-ZiNaRi-ZhuangYuanMei.xml,dan,erhuang,yuanban,c,乱军中多亏他救我回还。,64,86
daeh-ZiNaRi-ZhuangYuanMei.xml,dan,erhuang,yuanban,o1,这桩事闷得我柔肠百转，,94,"128,5"
daeh-ZiNaRi-ZhuangYuanMei.xml,dan,erhuang,yuanban,c,不知道他与我是否一般。,130,138
daeh-ZiNaRi-ZhuangYuanMei.xml,dan,erhuang,yuanban,o2,百姓们闺房乐如花美眷，,140,"148,5"
daeh-ZiNaRi-ZhuangYuanMei.xml,dan,erhuang,yuanban,c,帝王家深宫怨似水流年。,150,160
daeh-ZiNaRi-ZhuangYuanMei.xml,dan,erhuang,yuanban,o2,幸喜得珍珠衫称心如愿，,162,"170,5"
daeh-ZiNaRi-ZhuangYuanMei.xml,dan,erhuang,yuanban,c,宋天子主婚姻此事成全。,172,"180,75"
daeh-ZiNaRi-ZhuangYuanMei.xml,dan,erhuang,yuanban,o2,但愿得令公令婆别无意见，,182,"190,5"
daeh-ZiNaRi-ZhuangYuanMei.xml,dan,erhuang,yuanban,c,但愿得杨六郎心如石坚。,192,"200,75"
daeh-ZiNaRi-ZhuangYuanMei.xml,dan,erhuang,yuanban,o2,但愿得状元媒月老引线，,202,"210,5"
daeh-ZiNaRi-ZhuangYuanMei.xml,dan,erhuang,yuanban,c,但愿得八主贤王从中周旋早成美眷、扫狼烟叫那胡儿不敢进犯、保叔王锦锈江山。,212,247
daeh-ZiNaRi-ZhuangYuanMei.xml,dan,erhuang,yuanban,o1,愿天下有情人都成姻眷，,263,"277,5"
daeh-ZiNaRi-ZhuangYuanMei.xml,dan,erhuang,yuanban,c,愿邦家从此后国泰民安。,279,288
daeh-ZuoRiGong-TaiZhenWaiChuan.xml,dan,erhuang,yuanban,o1,昨日宫中何等宠幸，,18,40
daeh-ZuoRiGong-TaiZhenWaiChuan.xml,dan,erhuang,yuanban,c,有谁知一时错被逐宫廷。,42,60
daeh-ZuoRiGong-TaiZhenWaiChuan.xml,dan,erhuang,yuanban,o1,思想起从前事心中悔恨，,70,"94,5"
daeh-ZuoRiGong-TaiZhenWaiChuan.xml,dan,erhuang,yuanban,c,但不知何日里再沐圣明。,96,106
daxp-DangRiLi-SuoLinNang.xml,dan,xipi,yuanban,o,当日里好风光忽觉转变，,34,60
daxp-DangRiLi-SuoLinNang.xml,dan,xipi,yuanban,c,霎时间日色淡似坠西山。,86,108
daxp-DangRiLi-SuoLinNang.xml,dan,xipi,yuanban,o,在轿中只觉得天昏地暗。,138,"156,5"
daxp-DangRiLi-SuoLinNang.xml,dan,xipi,yuanban,c,耳听得风声断，雨声喧，雷声乱，乐声阑珊，人声呐喊，都道说是大雨倾天。,158,204
daxp-DangRiLi-SuoLinNang.xml,dan,xipi,yuanban,o,那花轿必定是因陋就简，,274,"292,5"
daxp-DangRiLi-SuoLinNang.xml,dan,xipi,yuanban,c,隔帘儿我也曾侧目偷观。,294,"312,5"
daxp-DangRiLi-SuoLinNang.xml,dan,xipi,yuanban,o,虽然是古青庐以朴为俭，,314,"332,5"
daxp-DangRiLi-SuoLinNang.xml,dan,xipi,yuanban,c,哪有这短花帘，旧花幔，参差流苏，残破不全。,334,364
daxp-DangRiLi-SuoLinNang.xml,dan,xipi,yuanban,o,轿中人必定有一腔幽怨，,430,451
daxp-DangRiLi-SuoLinNang.xml,dan,xipi,yuanban,c,她泪自弹、声续断、似杜鹃、啼别院、巴峡哀猿动人心弦，好不惨然。,"451,5",485
daxp-DangRiLi-SuoLinNang.xml,dan,xipi,yuanban,o,于归日理应当喜形于面，,486,"508,5"
daxp-DangRiLi-SuoLinNang.xml,dan,xipi,yuanban,c,为什么悲切切哭得可怜。,510,532
daxp-DangRiLi-SuoLinNang.xml,dan,xipi,yuanban,o,那时节奴妆奁不下百万，,554,"572,5"
daxp-DangRiLi-SuoLinNang.xml,dan,xipi,yuanban,c,怎奈我在轿中赤手空拳。,574,596
daxp-DangRiLi-SuoLinNang.xml,dan,xipi,yuanban,o,急切里想起了锁麟囊一（呀）件，,626,"644,5"
daxp-DangRiLi-SuoLinNang.xml,dan,xipi,yuanban,c,囊虽小却能做续命泉源。,646,668
daxp-DangRiLi-SuoLinNang.xml,dan,xipi,liushui,o,有金珠和珍宝光华灿烂，,715,"723,5"
daxp-DangRiLi-SuoLinNang.xml,dan,xipi,liushui,c,红珊瑚碧翡翠样样倶全。,"724,5",732
daxp-DangRiLi-SuoLinNang.xml,dan,xipi,liushui,o,还有那夜明珠粒粒成串，,"733,5","741,5"
daxp-DangRiLi-SuoLinNang.xml,dan,xipi,liushui,c,还有那赤金链，紫瑛簪，白玉环，双凤錾，八宝钗钏一个个宝孕光含。,742,"769,5"
daxp-DangRiLi-SuoLinNang.xml,dan,xipi,liushui,o,这囊儿虽非是千古罕见，,"770,5","778,5"
daxp-DangRiLi-SuoLinNang.xml,dan,xipi,liushui,c,换衣食也够她生活几年。,779,790
daxp-LaoDieDie-DaYuShaJia.xml,dan,xipi,yuanban,o,老爹爹清晨起前去出首，,22,49
daxp-LaoDieDie-DaYuShaJia.xml,dan,xipi,yuanban,c,倒叫我桂英儿挂在心头。,74,95
daxp-LaoDieDie-DaYuShaJia.xml,dan,xipi,yuanban,o,将身儿坐至在草堂等候，,114,141
daxp-LaoDieDie-DaYuShaJia.xml,dan,xipi,yuanban,c,等候了爹爹回细问根由。,166,186
daxp-LaoDieDie-SanJiZhang.xml,dan,xipi,manban,o,老爹爹请息（呀）怒容儿细讲，,6,33
daxp-LaoDieDie-SanJiZhang.xml,dan,xipi,manban,c,我立志不嫁那状元才郎。,58,89
daxp-LaoDieDie-SanJiZhang.xml,dan,xipi,manban,o,父休笑薛平贵是花郎模样，,110,"128,25"
daxp-LaoDieDie-SanJiZhang.xml,dan,xipi,manban,c,贫穷人得了志比富还强。,130,152
daxp-LaoDieDie-YuZhouFeng.xml,dan,xipi,yuanban,o,老爹爹发恩德将本修上，,30,56
daxp-LaoDieDie-YuZhouFeng.xml,dan,xipi,yuanban,c,明早朝上金殿面奏吾皇。,90,112
daxp-LaoDieDie-YuZhouFeng.xml,dan,xipi,yuanban,o,倘若是有道君皇恩浩荡，,142,164
daxp-LaoDieDie-YuZhouFeng.xml,dan,xipi,yuanban,c,观此本免了儿一门祸殃。,166,187
daxp-LaoDieDie-YuZhouFeng.xml,dan,xipi,sanban,o,老爹爹在朝中官高爵显，,201,214
daxp-LaoDieDie-YuZhouFeng.xml,dan,xipi,sanban,c,却为何贪富贵不顾羞惭。,219,238
daxp-MengJunZi-ChunQiuPei-1.xml,dan,xipi,yuanban,o,蒙君子至殷勤再三问话，,22,53
daxp-MengJunZi-ChunQiuPei-1.xml,dan,xipi,yuanban,c,虽然是男女别不得不答。,86,109
daxp-MengJunZi-ChunQiuPei-1.xml,dan,xipi,yuanban,o,家住在罗郡城魁星楼下，,138,165
daxp-MengJunZi-ChunQiuPei-1.xml,dan,xipi,yuanban,c,我的父名姜绍贸易天涯。,190,211
daxp-MengJunZi-ChunQiuPei-1.xml,dan,xipi,yuanban,o,在家中受不过继母拷打，,230,252
daxp-MengJunZi-ChunQiuPei-1.xml,dan,xipi,yuanban,c,莫奈何到荒郊我就来捡芦花。,254,273
daxp-MengJunZi-ChunQiuPei-2.xml,dan,xipi,yuanban,o,蒙君子至诚心再三问话，,22,52
daxp-MengJunZi-ChunQiuPei-2.xml,dan,xipi,yuanban,c,虽然是不相识我就不得不答。,86,108
daxp-MengJunZi-ChunQiuPei-2.xml,dan,xipi,yuanban,o,家住在罗郡城魁星楼下，,138,164
daxp-MengJunZi-ChunQiuPei-2.xml,dan,xipi,yuanban,c,我爹爹名姜绍贸易天涯。,190,212
daxp-MengJunZi-ChunQiuPei-2.xml,dan,xipi,yuanban,o,身有病还受那继母拷打，,242,"260,5"
daxp-MengJunZi-ChunQiuPei-2.xml,dan,xipi,yuanban,c,因此上到郊外来捡芦花（呀）。,262,283
daxp-QiaoLouShang-HuangShanLei.xml,dan,xipi,manban,o,谯楼上二更鼓声声送听，,30,60
daxp-QiaoLouShang-HuangShanLei.xml,dan,xipi,manban,c,父子们去采药未见回程。,86,121
daxp-QiaoLouShang-HuangShanLei.xml,dan,xipi,manban,o,对孤灯思远道心神不定，,150,"168,25"
daxp-QiaoLouShang-HuangShanLei.xml,dan,xipi,manban,c,不知他在荒山何处安身。,170,196
daxp-QiaoLouShang-HuangShanLei.xml,dan,xipi,yuanban,o,到三更真个是月明人静，,246,"268,5"
daxp-QiaoLouShang-HuangShanLei.xml,dan,xipi,yuanban,c,猛听得窗儿外似有人行。,270,292
daxp-QiaoLouShang-HuangShanLei.xml,dan,xipi,yuanban,o,忙移步隔花荫留神听定，,322,356
daxp-QiaoLouShang-HuangShanLei.xml,dan,xipi,yuanban,c,原来是秋风起扫叶之声。,382,405
daxp-QiaoLouShang-HuangShanLei.xml,dan,xipi,yuanban,o,听画鼓报四更愈添凄冷，,434,"456,5"
daxp-QiaoLouShang-HuangShanLei.xml,dan,xipi,yuanban,c,看娇儿正酣睡恐被风侵。,458,480
daxp-QiaoLouShang-HuangShanLei.xml,dan,xipi,yuanban,o,我不免引寒机伴奴坐等，,526,557
daxp-QiaoLouShang-HuangShanLei.xml,dan,xipi,erliu,c,又思来又想去越不安宁。,559,574
daxp-QiaoLouShang-HuangShanLei.xml,dan,xipi,erliu,o,数更等交五鼓空房愈冷，,577,"590,25"
daxp-QiaoLouShang-HuangShanLei.xml,dan,xipi,erliu,c,果然是晓鸡唱天已黎明。,591,608
daxp-QiaoLouShang-HuangShanLei.xml,dan,xipi,erliu,o,我不免唤琏儿到街前探问，,609,627
daxp-QiaoLouShang-HuangShanLei.xml,dan,xipi,erliu,c,你爹爹到如今未转家门。,639,650
daxp-WoZhuYe-SiLangTanMu.xml,dan,xipi,manban,o,我主爷金沙滩早把命丧，,31,66
daxp-WoZhuYe-SiLangTanMu.xml,dan,xipi,manban,c,众文武扶哀家执掌军房。,91,141
daxp-WoZhuYe-SiLangTanMu.xml,dan,xipi,manban,o,众卿随忙挂点亲率官员，,155,189
daxp-WoZhuYe-SiLangTanMu.xml,dan,xipi,manban,c,一心心要夺取宋室江山。,227,266
daxp-WoZhuYe-SiLangTanMu.xml,dan,xipi,manban,o,叫番儿忙摆驾银安殿，,283,312
daxp-WoZhuYe-SiLangTanMu.xml,dan,xipi,yaoban,c,阅兵书看何人前来何安。,324,343
daxp-XiRiLi-LongFengChengXiang.xml,dan,xipi,manban,o,昔日里梁鸿配孟光，,32,66
daxp-XiRiLi-LongFengChengXiang.xml,dan,xipi,manban,c,今朝仙女会襄王。,84,122
daxp-XiRiLi-LongFengChengXiang.xml,dan,xipi,manban,o,暗地堪笑奴兄长，,148,"182,5"
daxp-XiRiLi-LongFengChengXiang.xml,dan,xipi,manban,c,安排虎计害刘王。,200,"230,5"
daxp-XiRiLi-LongFengChengXiang.xml,dan,xipi,manban,o,月老本是乔国丈，,244,"266,5"
daxp-XiRiLi-LongFengChengXiang.xml,dan,xipi,manban,c,纵有大事料无妨。,292,310
daxp-XiRiLiang-LongFengChengXiang.xml,dan,xipi,manban,o,昔日梁鸿配孟光，,30,55
daxp-XiRiLiang-LongFengChengXiang.xml,dan,xipi,manban,c,今朝仙女会襄王。,78,117
daxp-XiRiLiang-LongFengChengXiang.xml,dan,xipi,manban,o,暗地堪笑我兄长，,146,181
daxp-XiRiLiang-LongFengChengXiang.xml,dan,xipi,manban,c,安排巧计害刘王。,206,228
daxp-XiShiNv-XiShi.xml,dan,xipi,manban,o,西施女生长在苎萝村里，,31,62
daxp-XiShiNv-XiShi.xml,dan,xipi,manban,c,难得有开怀事常锁双眉。,87,121
daxp-XiShiNv-XiShi.xml,dan,xipi,manban,o,只为着守清寒柴门近水，,151,197
daxp-XiShiNv-XiShi.xml,dan,xipi,manban,c,每日里浣纱去又傍清溪。,231,"261,5"
daxp-XiShiNv-XiShi.xml,dan,xipi,manban,o,怕只怕损玉颜姣容自惜，,291,313
daxp-XiShiNv-XiShi.xml,dan,xipi,manban,c,对清溪时照影自整罗农。,315,337
lseh-LaoZhangBu-WuPenJi.xml,laosheng,erhuang,yuanban,o1,老丈不（哇）必胆怕惊，,"16,5","44,5"
lseh-LaoZhangBu-WuPenJi.xml,laosheng,erhuang,yuanban,c,我有言来你是（喏）听。,"64,5","74,5"
lseh-LaoZhangBu-WuPenJi.xml,laosheng,erhuang,yuanban,o1,休把我当作了妖魔论，,"84,5","106,5"
lseh-LaoZhangBu-WuPenJi.xml,laosheng,erhuang,yuanban,c,我本屈死一鬼魂。,"108,5","118,5"
lseh-LaoZhangBu-WuPenJi.xml,laosheng,erhuang,yuanban,o1,我忙将树（呃）枝摆摇（哇）动，,136,166
lseh-LaoZhangBu-WuPenJi.xml,laosheng,erhuang,yuanban,c,抓一（呀）把沙土扬灰尘。,186,208
lseh-LaoZhangBu-WuPenJi.xml,laosheng,erhuang,yuanban,o1,我和你远无冤近无有仇恨，,216,"240,5"
lseh-LaoZhangBu-WuPenJi.xml,laosheng,erhuang,yuanban,c,望求老丈把冤伸。,242,259
lseh-NiangZiBu-SouGuJiuGu.xml,laosheng,erhuang,yuanban,o1,娘子不（哇）必太烈性，,18,"40,5"
lseh-NiangZiBu-SouGuJiuGu.xml,laosheng,erhuang,yuanban,c,卑（呀）人言来你是（喏）听。,42,52
lseh-NiangZiBu-SouGuJiuGu.xml,laosheng,erhuang,yuanban,o1,赵屠二家有仇恨，,60,"82,5"
lseh-NiangZiBu-SouGuJiuGu.xml,laosheng,erhuang,yuanban,c,三百余口命赴幽冥。,84,"90,5"
lseh-NiangZiBu-SouGuJiuGu.xml,laosheng,erhuang,yuanban,o2,我与那公孙杵臼把计定，,92,"100,5"
lseh-NiangZiBu-SouGuJiuGu.xml,laosheng,erhuang,yuanban,c,他舍命来你我舍亲生。,102,111
lseh-NiangZiBu-SouGuJiuGu.xml,laosheng,erhuang,yuanban,o2,舍子搭救忠（呃）良的后，,112,"120,5"
lseh-NiangZiBu-SouGuJiuGu.xml,laosheng,erhuang,yuanban,c,老天爷不绝我的后代根。,122,131
lseh-NiangZiBu-SouGuJiuGu.xml,laosheng,erhuang,yuanban,o2,你今舍了亲生子，,132,"140,5"
lseh-NiangZiBu-SouGuJiuGu.xml,laosheng,erhuang,yuanban,c,来年必定降麒麟。,142,154
lseh-NiangZiBu-SouGuJiuGu.xml,laosheng,erhuang,yuanban,o1,千言万（哪）语她不肯，,162,184
lseh-NiangZiBu-SouGuJiuGu.xml,laosheng,erhuang,yuanban,c,不舍娇儿难救孤身。,186,193
lseh-NiangZiBu-SouGuJiuGu.xml,laosheng,erhuang,yuanban,o2,无奈何我只得双（呃）膝跪，,194,210
lseh-NiangZiBu-SouGuJiuGu.xml,laosheng,erhuang,yaoban,c,哀求娘子（喏）舍亲（呐）生。,228,249
lseh-TanXiongDi-SangYuanJiZi.xml,laosheng,erhuang,manban,o1,叹兄兀弟遭不幸一旦丧命，,36,90
lseh-TanXiongDi-SangYuanJiZi.xml,laosheng,erhuang,manban,c,丢下了年幼儿好不伤情。,128,160
lseh-TanXiongDi-SangYuanJiZi.xml,laosheng,erhuang,manban,o1,眼望着孤坟台珠泪难忍，,176,"212,5"
lseh-TanXiongDi-SangYuanJiZi.xml,laosheng,erhuang,manban,c,见坟台不见人刀割我心。,216,240
lseh-WeiGuoJia-HongYangDong-1.xml,laosheng,erhuang,yuanban,o1,为国家那何曾半日闲空，,"16,5",48
lseh-WeiGuoJia-HongYangDong-1.xml,laosheng,erhuang,yuanban,c,我也曾平服了塞北西东。,"66,5","78,5"
lseh-WeiGuoJia-HongYangDong-1.xml,laosheng,erhuang,yuanban,o1,官封到节度使（喏）皇王恩重，,"86,5",124
lseh-WeiGuoJia-HongYangDong-1.xml,laosheng,erhuang,yuanban,c,身不爽不由人瞌睡朦胧（呃）。,"142,5","164,5"
lseh-WeiGuoJia-HongYangDong-2.xml,laosheng,erhuang,yuanban,o1,为国家哪何曾半日闲空，,"16,5","48,5"
lseh-WeiGuoJia-HongYangDong-2.xml,laosheng,erhuang,yuanban,c,我也曾平服了塞北西东。,"66,5","78,5"
lseh-WeiGuoJia-HongYangDong-2.xml,laosheng,erhuang,yuanban,o1,官封到节度史（喏）皇王恩重，,"86,5","124,5"
lseh-WeiGuoJia-HongYangDong-2.xml,laosheng,erhuang,yuanban,c,身不爽不由人瞌睡朦胧。,"142,5","164,5"
lseh-WeiKaiYan-RangXuZhou.xml,laosheng,erhuang,yuanban,o1,未开言不由人（呐）珠泪滚滚，,18,48
lseh-WeiKaiYan-RangXuZhou.xml,laosheng,erhuang,yuanban,c,天卸重任我就要（哇）你担承。,68,82
lseh-WeiKaiYan-RangXuZhou.xml,laosheng,erhuang,yuanban,o1,二犬子（呃）皆年幼（哇）难当（呃）重任，,92,"116,5"
lseh-WeiKaiYan-RangXuZhou.xml,laosheng,erhuang,yuanban,c,老朽年迈我也不能够担承。,118,126
lseh-WeiKaiYan-RangXuZhou.xml,laosheng,erhuang,yuanban,o2,望使君放开怀慨然（呐）应（呐）允，,128,136
lseh-WeiKaiYan-RangXuZhou.xml,laosheng,erhuang,yuanban,c,救生灵（呐）积阴（呐）功也免得我坐卧不宁。,138,150
lseh-YiLunMing-WenZhaoGuan-1.xml,laosheng,erhuang,manban,o1,一轮明月照窗前，,36,94
lseh-YiLunMing-WenZhaoGuan-1.xml,laosheng,erhuang,manban,c,愁人心（哪）中似箭穿。,132,165
lseh-YiLunMing-WenZhaoGuan-1.xml,laosheng,erhuang,manban,o1,实指（惹）望到吴国借兵回转，,180,"220,5"
lseh-YiLunMing-WenZhaoGuan-1.xml,laosheng,erhuang,manban,c,谁知昭关有阻拦。,224,"241,75"
lseh-YiLunMing-WenZhaoGuan-1.xml,laosheng,erhuang,manban,o2,幸遇那东皋公行方便，,244,"260,5"
lseh-YiLunMing-WenZhaoGuan-1.xml,laosheng,erhuang,manban,c,他将我隐藏在后花园。,264,"281,5"
lseh-YiLunMing-WenZhaoGuan-1.xml,laosheng,erhuang,manban,o2,一连几天我的眉不（哇）展，,284,"300,5"
lseh-YiLunMing-WenZhaoGuan-1.xml,laosheng,erhuang,manban,c,夜夜何曾得安眠。,304,"317,5"
lseh-YiLunMing-WenZhaoGuan-1.xml,laosheng,erhuang,manban,o2,俺伍员好一似丧家犬，,320,"336,5"
lseh-YiLunMing-WenZhaoGuan-1.xml,laosheng,erhuang,manban,c,满腹的含冤我向谁言（哪）！,340,"353,5"
lseh-YiLunMing-WenZhaoGuan-1.xml,laosheng,erhuang,manban,o2,我好（哇）比哀哀长空雁，,356,"372,5"
lseh-YiLunMing-WenZhaoGuan-1.xml,laosheng,erhuang,manban,c,我好比龙游在浅沙滩。,376,"393,5"
lseh-YiLunMing-WenZhaoGuan-1.xml,laosheng,erhuang,manban,o2,我好（哇）比鱼儿吞了钩线，,396,415
lseh-YiLunMing-WenZhaoGuan-1.xml,laosheng,erhuang,manban,c,我好（哇）比波浪中失舵的舟船（哪）。,416,"433,5"
lseh-YiLunMing-WenZhaoGuan-1.xml,laosheng,erhuang,manban,o2,思来想去我的肝肠断，,436,466
lseh-YiLunMing-WenZhaoGuan-1.xml,laosheng,erhuang,manban,c,今夜晚怎能够盼到明天。,500,530
lseh-YiLunMing-WenZhaoGuan-1.xml,laosheng,erhuang,yuanban,o1,心中有事难合眼，,592,"614,5"
lseh-YiLunMing-WenZhaoGuan-1.xml,laosheng,erhuang,yuanban,c,翻来覆去睡不（哇）安。,616,638
lseh-YiLunMing-WenZhaoGuan-1.xml,laosheng,erhuang,yuanban,o1,背地里只把东皋公怨，,654,"678,5"
lseh-YiLunMing-WenZhaoGuan-1.xml,laosheng,erhuang,yuanban,c,叫人难解巧机关，,680,689
lseh-YiLunMing-WenZhaoGuan-1.xml,laosheng,erhuang,yuanban,o2,若是真心来救我，,690,"698,75"
lseh-YiLunMing-WenZhaoGuan-1.xml,laosheng,erhuang,yuanban,c,为何几日他不言。,700,709
lseh-YiLunMing-WenZhaoGuan-1.xml,laosheng,erhuang,yuanban,o2,贪图富贵来害我，,710,"718,5"
lseh-YiLunMing-WenZhaoGuan-1.xml,laosheng,erhuang,yuanban,c,你就该把我献与昭关。,720,729
lseh-YiLunMing-WenZhaoGuan-1.xml,laosheng,erhuang,yuanban,o2,哭一声爹娘不能相见，,730,738
lseh-YiLunMing-WenZhaoGuan-1.xml,laosheng,erhuang,yuanban,k,不能（哪）哎见爹娘（兀）！,740,784
lseh-YiLunMing-WenZhaoGuan-1.xml,laosheng,erhuang,yuanban,c,要相逢陈非是梦（兀）里团圆。,812,838
lseh-YiLunMing-WenZhaoGuan-1.xml,laosheng,erhuang,yuanban,o1,鸡鸣犬吠五更（哪）天，,860,904
lseh-YiLunMing-WenZhaoGuan-1.xml,laosheng,erhuang,yuanban,c,越思越想好伤惨，,922,"930,5"
lseh-YiLunMing-WenZhaoGuan-1.xml,laosheng,erhuang,yuanban,o2,想当初在朝为官宦，,932,"940,5"
lseh-YiLunMing-WenZhaoGuan-1.xml,laosheng,erhuang,yuanban,c,朝臣待漏（哇）五更寒，,942,"950,5"
lseh-YiLunMing-WenZhaoGuan-1.xml,laosheng,erhuang,yuanban,o2,到如今夜宿在荒村院，,952,960
lseh-YiLunMing-WenZhaoGuan-1.xml,laosheng,erhuang,yuanban,c,我冷冷清清向谁言（哪）。,"961,5",1005
lseh-YiLunMing-WenZhaoGuan-1.xml,laosheng,erhuang,yuanban,o1,我本当拔宝剑自寻短见，,1022,1050
lseh-YiLunMing-WenZhaoGuan-1.xml,laosheng,erhuang,yuanban,k,寻短（哪）哎见爹娘（兀）！,1052,1084
lseh-YiLunMing-WenZhaoGuan-1.xml,laosheng,erhuang,yuanban,c,父母的冤仇化尘烟，,1112,1121
lseh-YiLunMing-WenZhaoGuan-1.xml,laosheng,erhuang,yuanban,o2,对天发不宏誓愿，,1122,"1130,5"
lseh-YiLunMing-WenZhaoGuan-1.xml,laosheng,erhuang,yuanban,c,我不杀平王我的心怎甘（哪）。,"1131,5",1158
lseh-YiLunMing-WenZhaoGuan-2.xml,laosheng,erhuang,manban,o1,一轮明月照窗前，,36,94
lseh-YiLunMing-WenZhaoGuan-2.xml,laosheng,erhuang,manban,c,愁人心（呐）中似箭穿。,132,165
lseh-YiLunMing-WenZhaoGuan-2.xml,laosheng,erhuang,manban,o1,实指望到吴国借兵回转，,180,"220,5"
lseh-YiLunMing-WenZhaoGuan-2.xml,laosheng,erhuang,manban,c,谁知昭关有阻拦。,224,"241,5"
lseh-YiLunMing-WenZhaoGuan-2.xml,laosheng,erhuang,manban,o2,幸遇那东皋公行方便，,244,"260,5"
lseh-YiLunMing-WenZhaoGuan-2.xml,laosheng,erhuang,manban,c,他将我隐藏在后花园。,264,"281,5"
lseh-YiLunMing-WenZhaoGuan-2.xml,laosheng,erhuang,manban,o2,一连几天我的眉不（呃）展，,284,"300,5"
lseh-YiLunMing-WenZhaoGuan-2.xml,laosheng,erhuang,manban,c,夜夜何曾得安眠。,304,"317,5"
lseh-YiLunMing-WenZhaoGuan-2.xml,laosheng,erhuang,manban,o2,俺伍员好一似丧家犬，,320,"336,5"
lseh-YiLunMing-WenZhaoGuan-2.xml,laosheng,erhuang,manban,c,满腹的含冤我向谁言（喏）。,340,"353,5"
lseh-YiLunMing-WenZhaoGuan-2.xml,laosheng,erhuang,manban,o2,我好（呃）比哀哀长空雁，,356,"372,5"
lseh-YiLunMing-WenZhaoGuan-2.xml,laosheng,erhuang,manban,c,我好比龙游在浅沙滩。,376,"393,5"
lseh-YiLunMing-WenZhaoGuan-2.xml,laosheng,erhuang,manban,o2,我好（呃）比鱼儿吞了钩线，,396,415
lseh-YiLunMing-WenZhaoGuan-2.xml,laosheng,erhuang,manban,c,我好（呃）比波浪中失舵的舟船（喏）。,416,"433,5"
lseh-YiLunMing-WenZhaoGuan-2.xml,laosheng,erhuang,manban,o2,思来想去我的肝肠断，,436,466
lseh-YiLunMing-WenZhaoGuan-2.xml,laosheng,erhuang,manban,c,今夜晚怎能够盼到明天。,500,530
lseh-YiLunMing-ZhuoFangCao.xml,laosheng,erhuang,manban,o1,一轮明月照窗下，,36,92
lseh-YiLunMing-ZhuoFangCao.xml,laosheng,erhuang,manban,c,陈宫心（呐）中乱如麻，,132,164
lseh-YiLunMing-ZhuoFangCao.xml,laosheng,erhuang,manban,o1,悔不该心猿并意马。,176,1277/6
lseh-YiLunMing-ZhuoFangCao.xml,laosheng,erhuang,manban,c,悔不该随他人到吕家，,216,"233,5"
lseh-YiLunMing-ZhuoFangCao.xml,laosheng,erhuang,manban,o2,吕伯奢可算得义气（呀）大，,236,1517/6
lseh-YiLunMing-ZhuoFangCao.xml,laosheng,erhuang,manban,c,杀猪（喏）沽（哇）酒款待于他，,256,"273,5"
lseh-YiLunMing-ZhuoFangCao.xml,laosheng,erhuang,manban,o2,又谁知此贼的疑心（呐）太（呀）大，,276,"293,5"
lseh-YiLunMing-ZhuoFangCao.xml,laosheng,erhuang,manban,c,拔出剑将他的满门杀，,296,"313,5"
lseh-YiLunMing-ZhuoFangCao.xml,laosheng,erhuang,manban,o2,一家人倶丧在宝剑之（喏）下，,316,"333,5"
lseh-YiLunMing-ZhuoFangCao.xml,laosheng,erhuang,manban,c,年迈的老丈命（呐）染黄沙。,336,"349,5"
lseh-YiLunMing-ZhuoFangCao.xml,laosheng,erhuang,manban,o2,屈死的冤鬼魂休来怨（呐）咱，,352,2213/6
lseh-YiLunMing-ZhuoFangCao.xml,laosheng,erhuang,manban,c,自有那神灵（啊）天地鉴察。,372,416
lseh-YiLunMing-ZhuoFangCao.xml,laosheng,erhuang,yuanban,o1,听谯楼打罢了二（喏）更鼓下，,478,"500,5"
lseh-YiLunMing-ZhuoFangCao.xml,laosheng,erhuang,yuanban,c,越思越想把事来作差。,502,513
lseh-YiLunMing-ZhuoFangCao.xml,laosheng,erhuang,yuanban,o1,悔不该把家属一（呀）旦撇下，,520,"542,5"
lseh-YiLunMing-ZhuoFangCao.xml,laosheng,erhuang,yuanban,c,悔不该弃县今抛却了乌（哇）纱，,544,553
lseh-YiLunMing-ZhuoFangCao.xml,laosheng,erhuang,yuanban,o2,我只说贼是个宽宏量大，,554,"562,5"
lseh-YiLunMing-ZhuoFangCao.xml,laosheng,erhuang,yuanban,c,汉室后来贼是个惹祸的根芽。,564,583
lseh-YiLunMing-ZhuoFangCao.xml,laosheng,erhuang,yuanban,o1,观此贼睡卧真（呐）潇洒，,656,"678,75"
lseh-YiLunMing-ZhuoFangCao.xml,laosheng,erhuang,yuanban,c,安眠好似井底之蛙，,680,689
lseh-YiLunMing-ZhuoFangCao.xml,laosheng,erhuang,yuanban,o2,贼好比蛟龙未生鳞甲，,690,"698,5"
lseh-YiLunMing-ZhuoFangCao.xml,laosheng,erhuang,yuanban,c,贼好比猛虎未（呀）曾长牙，,700,"709,5"
lseh-YiLunMing-ZhuoFangCao.xml,laosheng,erhuang,yuanban,o2,虎在笼中我不打，,710,"720,75"
lseh-YiLunMing-ZhuoFangCao.xml,laosheng,erhuang,yuanban,c,我岂肯放虎归山又（哇）把人抓。,722,748
lseh-YiLunMing-ZhuoFangCao.xml,laosheng,erhuang,sanban,o,执宝剑将贼的（呀）头割下，,806,835
lseh-YiLunMing-ZhuoFangCao.xml,laosheng,erhuang,sanban,c,险些儿把事（喏）又（哇）作差。,838,869
lsxp-HenPingWang-WenZhaoGuan.xml,laosheng,xipi,yuanban,o,恨平王无道乱楚宫（兀），,15,29
lsxp-HenPingWang-WenZhaoGuan.xml,laosheng,xipi,yuanban,c,父纳子（呃）妻礼难容，,43,52
lsxp-HenPingWang-WenZhaoGuan.xml,laosheng,xipi,yuanban,o,我的（呀）父谏奏反把命（哪）送，,53,66
lsxp-HenPingWang-WenZhaoGuan.xml,laosheng,xipi,yuanban,c,满门的家着血染红。,67,79
lsxp-LiangGuoJiao-ShiJieTing.xml,laosheng,xipi,yuanban,o,两国交锋龙虎斗，,17,28
lsxp-LiangGuoJiao-ShiJieTing.xml,laosheng,xipi,yuanban,c,各为其（呀）主统貔貅。,43,56
lsxp-LiangGuoJiao-ShiJieTing.xml,laosheng,xipi,yuanban,o,管带三（呐）军要宽厚，,69,80
lsxp-LiangGuoJiao-ShiJieTing.xml,laosheng,xipi,yuanban,c,赏罚中公（呃）平莫要自由。,95,108
lsxp-LiangGuoJiao-ShiJieTing.xml,laosheng,xipi,yuanban,o,此一番领（呃）兵去镇守，,121,132
lsxp-LiangGuoJiao-ShiJieTing.xml,laosheng,xipi,yuanban,c,靠山近水把营收。,147,162
lsxp-ShenGongWu-LongFengChengXiang.xml,laosheng,xipi,yuanban,o,深宫无（哇）处不飞花，,16,29
lsxp-ShenGongWu-LongFengChengXiang.xml,laosheng,xipi,yuanban,c,年老得配女娇娃。,46,58
lsxp-ShenGongWu-LongFengChengXiang.xml,laosheng,xipi,yuanban,o,朝欢暮乐无牵挂，,72,87
lsxp-ShenGongWu-LongFengChengXiang.xml,laosheng,xipi,yuanban,c,耳听笙歌闹喧哗。,100,113
lsxp-TingTaYan-ZhuoFangCao.xml,laosheng,xipi,manban,o,听他言吓得我心（呐）惊胆怕，,34,64
lsxp-TingTaYan-ZhuoFangCao.xml,laosheng,xipi,manban,c,背转身只埋怨我自（呃）己作差，,94,120
lsxp-TingTaYan-ZhuoFangCao.xml,laosheng,xipi,manban,o,我先前只望他宽宏量（呃）大，,146,168
lsxp-TingTaYan-ZhuoFangCao.xml,laosheng,xipi,manban,c,却原（呐）来贼是个无（哇）义（呀）的冤家！,202,224
lsxp-TingTaYan-ZhuoFangCao.xml,laosheng,xipi,manban,o,马行在来道内我难（呐）以回（呀）马，,226,276
lsxp-TingTaYan-ZhuoFangCao.xml,laosheng,xipi,manban,c,这才是花随水水不（哇）能恋（呐）花。,306,329
lsxp-TingTaYan-ZhuoFangCao.xml,laosheng,xipi,manban,o,这时候我只得暂且忍耐在心下，,330,368
lsxp-TingTaYan-ZhuoFangCao.xml,laosheng,xipi,manban,c,既同行共（呃）大事必须要劝解于他（呀呃）。,402,426
lsxp-ZiGuDao-HuangHeLou.xml,laosheng,xipi,yuanban,o,自古道吉人有天相，,0,9
lsxp-ZiGuDao-HuangHeLou.xml,laosheng,xipi,yuanban,c,主公不必加愁肠。,10,22
lsxp-ZiGuDao-HuangHeLou.xml,laosheng,xipi,yuanban,o,曾记得当年赴河梁，,23,32
lsxp-ZiGuDao-HuangHeLou.xml,laosheng,xipi,yuanban,c,二将军保架过长江。,33,44
lsxp-ZiGuDao-HuangHeLou.xml,laosheng,xipi,yuanban,o,今日主公把宴上，,45,58
lsxp-ZiGuDao-HuangHeLou.xml,laosheng,xipi,yuanban,c,四将军保架料也无妨。,59,72
lsxp-ZuoRiLi-YuanMenZhanZi.xml,laosheng,xipi,kuaiban,o,昨日里斩八将头挂营外，,7,15
lsxp-ZuoRiLi-YuanMenZhanZi.xml,laosheng,xipi,kuaiban,c,老娘亲为什么不讲情来？,16,24
lsxp-ZuoRiLi-YuanMenZhanZi.xml,laosheng,xipi,kuaiban,o,今日里斩宗保娘把儿怪，,25,33
lsxp-ZuoRiLi-YuanMenZhanZi.xml,laosheng,xipi,kuaiban,c,哭啼啼坐宝帐所为何来。,34,42
lsxp-ZuoRiLi-YuanMenZhanZi.xml,laosheng,xipi,yaoban,o,叫焦赞将宝剑悬挂帐外，,45,77
lsxp-ZuoRiLi-YuanMenZhanZi.xml,laosheng,xipi,yaoban,c,老娘亲再讲情儿自刎头来。,89,105
